Artist,Country,Title,Date,Status
Senses Fail,GB,FAIL,2017-08-14,Official
Senses Fail,XW,#fail,2013-05-09,Official
Senses Fail,GB,...Fail,2009,
Senses Fail,XW,Senses Fail / Man Overboard Split,2015-05-12,Official
Senses Fail,US,Fail on, Fail Better,2015-08-25,Official
Senses Fail,,Let It Enfold You,,Official
Senses Fail,US,In Your Absence,2017-03-03,Official
Senses Fail,US,Still Searching,2006-10-10,Official
Senses Fail,US,If There Is Light, It Will Find You,2018-02-16,Official
Senses Fail,US,...Fallen Dreams,2002-03-25,Official
Senses Fail,US,Let It Enfold You,2005-11-01,Official
Senses Fail,US,Renacer,2013-03-26,Official
Senses Fail,US,From the Depths of Dreams,2019-09-06,Official
Senses Fail,US,Still Searching,2007-11-13,Official
Senses Fail,US,Pull the Thorns From Your Heart,2015-06-30,Official
Senses Fail,US,Let It Enfold You,2004-09-07,Official
Senses Fail,XW,Death By Water,2021-08-19,Official
Senses Fail,US,Family Tradition,2008-08-26,Official
Senses Fail,US,Still Searching,2006-10-10,Official
Senses Fail,GB,Rum Is for Drinking, Not for Burning,2005,Official
Senses Fail,GB,Still Searching,2006-10-09,Official
Senses Fail,US,Let It Enfold You,2004-09-07,Official
Senses Fail,US,Bastard Son,2004-09-07,Official
Senses Fail,US,Hell Is in Your Head,2022-07-15,Official
Senses Fail,GB,Life Is Not a Waiting Room,2008-10-07,Official